frame,old_found,new_status,yaw,pitch,roll,mask_mass,identity
0,1,tracked,pose y/p/r: -26/1/1,2817,1.0
1,1,tracked,pose y/p/r: -26/1/1,2818,1.0
2,1,tracked,pose y/p/r: -26/1/1,2819,1.0
3,1,tracked,pose y/p/r: -27/2/2,2789,0.994
4,1,tracked,pose y/p/r: -27/2/2,2852,0.995
5,1,tracked,pose y/p/r: -27/3/2,2828,0.992
6,1,tracked,pose y/p/r: -27/4/2,2855,1.0
7,1,tracked,pose y/p/r: -27/4/2,2799,0.992
8,1,tracked,pose y/p/r: -28/4/2,2800,0.993
9,1,tracked,pose y/p/r: -28/4/2,2759,0.993
10,1,tracked,pose y/p/r: -28/5/2,2755,0.992
11,1,tracked,pose y/p/r: -29/6/2,2777,0.992
12,1,tracked,pose y/p/r: -29/7/2,2768,0.993
13,1,tracked,pose y/p/r: -30/7/2,2728,0.993
14,1,tracked,pose y/p/r: -29/7/2,2759,0.993
15,1,tracked,pose y/p/r: -29/7/2,2791,0.993
16,1,tracked,pose y/p/r: -27/7/3,2831,0.993
17,1,tracked,pose y/p/r: -26/6/4,2781,0.99
18,1,tracked,pose y/p/r: -26/6/4,2888,0.991
19,1,tracked,pose y/p/r: -26/6/4,2920,0.99
20,1,tracked,pose y/p/r: -26/6/4,2896,0.993
21,1,tracked,pose y/p/r: -26/6/4,3005,0.986
22,1,tracked,pose y/p/r: -27/7/4,3040,0.99
23,1,tracked,pose y/p/r: -30/7/3,2972,0.994
24,1,tracked,pose y/p/r: -31/7/2,2947,0.995
25,1,tracked,pose y/p/r: -31/7/2,2919,0.992
26,1,tracked,pose y/p/r: -31/8/3,2869,0.993
27,1,tracked,pose y/p/r: -30/8/3,2920,0.992
28,1,tracked,pose y/p/r: -30/8/3,2885,0.994
29,1,tracked,pose y/p/r: -30/8/3,2838,0.99
30,1,tracked,pose y/p/r: -30/7/3,2849,0.993
31,1,tracked,pose y/p/r: -28/6/4,2868,0.992
32,1,tracked,pose y/p/r: -27/6/4,2798,0.994
33,1,tracked,pose y/p/r: -27/6/4,2821,0.995
34,1,tracked,pose y/p/r: -27/6/4,2819,0.995
35,1,tracked,pose y/p/r: -27/5/4,2817,0.997
36,1,tracked,pose y/p/r: -26/5/4,2786,0.998
37,1,tracked,pose y/p/r: -26/4/4,2785,0.996
38,1,tracked,pose y/p/r: -26/4/4,2795,0.994
39,1,tracked,pose y/p/r: -26/3/4,2871,0.993
40,1,tracked,pose y/p/r: -26/2/4,2869,0.993
41,1,tracked,pose y/p/r: -26/2/4,2848,0.994
42,1,tracked,pose y/p/r: -26/1/4,2835,0.992
43,1,tracked,pose y/p/r: -25/0/4,2806,0.991
44,1,tracked,pose y/p/r: -25/-1/4,2811,0.994
45,1,tracked,pose y/p/r: -25/-3/4,2820,0.993
46,1,tracked,pose y/p/r: -25/-4/4,2813,0.991
47,1,tracked,pose y/p/r: -26/-9/5,2834,0.992
48,1,tracked,pose y/p/r: -26/-8/4,2820,0.994
49,1,tracked,pose y/p/r: -26/-8/4,2870,0.991
50,1,tracked,pose y/p/r: -27/-8/4,2871,0.994
51,1,tracked,pose y/p/r: -27/-8/3,2874,0.995
52,1,tracked,pose y/p/r: -28/-8/3,2829,0.996
53,1,tracked,pose y/p/r: -28/-8/3,2803,0.994
54,1,tracked,pose y/p/r: -28/-7/3,2864,0.994
55,1,tracked,pose y/p/r: -29/-7/2,2756,0.995
56,1,tracked,pose y/p/r: -29/-7/3,2781,0.996
57,1,tracked,pose y/p/r: -29/-7/2,2791,0.995
58,1,tracked,pose y/p/r: -29/-8/2,2805,0.991
59,1,tracked,pose y/p/r: -29/-8/2,2778,0.991
60,1,tracked,pose y/p/r: -29/-10/2,2839,0.992
61,1,tracked,pose y/p/r: -30/-11/2,2826,0.991
62,1,tracked,pose y/p/r: -30/-12/2,2793,0.992
63,1,tracked,pose y/p/r: -30/-13/2,2786,0.992
64,1,tracked,pose y/p/r: -30/-13/2,2798,0.993
65,1,tracked,pose y/p/r: -29/-13/2,2768,0.994
66,1,tracked,pose y/p/r: -29/-12/2,2768,0.995
67,1,tracked,pose y/p/r: -28/-12/2,2764,0.994
68,1,tracked,pose y/p/r: -28/-12/2,2727,0.993
69,1,tracked,pose y/p/r: -28/-12/2,2698,0.995
70,1,tracked,pose y/p/r: -28/-11/2,2711,0.995
71,1,tracked,pose y/p/r: -28/-10/1,2707,0.992
72,1,tracked,pose y/p/r: -28/-11/1,2753,0.993
73,1,tracked,pose y/p/r: -28/-10/1,2699,0.991
74,1,tracked,pose y/p/r: -28/-9/1,2613,0.981
75,1,tracked,pose y/p/r: -28/-8/0,2611,0.992
76,1,tracked,pose y/p/r: -28/-7/0,2613,0.988
77,1,tracked,pose y/p/r: -28/-7/0,2637,0.994
78,1,tracked,pose y/p/r: -28/-7/-1,2628,0.993
79,1,tracked,pose y/p/r: -29/-6/-1,2628,0.993
80,1,tracked,pose y/p/r: -29/-6/-1,2617,0.994
81,1,tracked,pose y/p/r: -29/-6/-1,2644,0.993
82,1,tracked,pose y/p/r: -29/-6/-2,2641,0.992
83,1,tracked,pose y/p/r: -29/-5/-2,2646,0.991
84,1,tracked,pose y/p/r: -29/-6/-2,2650,0.994
85,1,tracked,pose y/p/r: -27/-3/-2,2743,0.996
86,1,tracked,pose y/p/r: -26/-2/-2,2769,1.0
87,1,tracked,pose y/p/r: -26/-1/-2,2795,1.0
88,0,tracked,pose y/p/r: -25/-1/-2,2785,1.0
89,0,tracked,pose y/p/r: -25/-1/-2,2785,1.0
90,0,predicted,pose y/p/r: -25/-1/-2,2785,0.933
91,0,predicted,pose y/p/r: -25/-1/-2,2786,0.867
92,0,predicted,pose y/p/r: -25/-1/-2,2787,0.8
93,0,predicted,pose y/p/r: -25/-1/-2,2787,0.733
94,0,predicted,pose y/p/r: -25/-1/-2,2787,0.667
95,0,predicted,pose y/p/r: -25/-1/-2,2787,0.6
96,0,predicted,pose y/p/r: -25/-1/-2,2787,0.533
97,0,predicted,pose y/p/r: -25/-1/-2,2787,0.467
98,0,tracked,pose y/p/r: -26/-7/-2,2758,0.954
99,0,tracked,pose y/p/r: -26/-9/-2,2707,1.0
100,1,tracked,pose y/p/r: -26/-10/-2,2675,1.0
101,1,tracked,pose y/p/r: -26/-11/-2,2653,0.991
102,1,tracked,pose y/p/r: -27/-14/-2,2637,0.991
103,1,tracked,pose y/p/r: -27/-14/-2,2647,0.991
104,1,tracked,pose y/p/r: -27/-15/-3,2619,0.995
105,1,tracked,pose y/p/r: -27/-16/-3,2673,0.995
106,1,tracked,pose y/p/r: -27/-17/-3,2677,0.996
107,1,tracked,pose y/p/r: -27/-17/-3,2655,0.997
108,1,tracked,pose y/p/r: -27/-17/-3,2655,0.997
109,1,tracked,pose y/p/r: -27/-18/-3,2655,0.996
110,1,tracked,pose y/p/r: -27/-18/-3,2655,1.0
111,1,tracked,pose y/p/r: -26/-18/-3,2655,0.996
112,1,tracked,pose y/p/r: -26/-18/-3,2655,1.0
113,1,tracked,pose y/p/r: -26/-18/-3,2655,0.995
114,1,tracked,pose y/p/r: -26/-18/-3,2652,1.0
115,1,tracked,pose y/p/r: -26/-15/-5,2703,0.992
116,1,tracked,pose y/p/r: -26/-13/-5,2786,1.0
117,1,tracked,pose y/p/r: -25/-13/-5,2706,0.991
118,1,tracked,pose y/p/r: -25/-13/-5,2742,0.99
119,1,tracked,pose y/p/r: -25/-13/-6,2707,0.99
120,1,tracked,pose y/p/r: -25/-12/-6,2700,0.993
121,1,tracked,pose y/p/r: -23/-13/-5,2698,0.988
122,1,tracked,pose y/p/r: -24/-15/-4,2762,0.994
123,1,tracked,pose y/p/r: -25/-16/-4,2726,1.0
124,1,tracked,pose y/p/r: -25/-16/-3,2758,1.0
125,1,tracked,pose y/p/r: -23/-14/-4,2643,0.986
126,1,tracked,pose y/p/r: -22/-14/-4,2649,1.0
127,1,tracked,pose y/p/r: -22/-14/-4,2623,0.991
128,1,tracked,pose y/p/r: -22/-13/-4,2645,0.994
129,1,tracked,pose y/p/r: -21/-13/-4,2650,0.993
130,1,tracked,pose y/p/r: -21/-13/-4,2627,0.992
131,1,tracked,pose y/p/r: -21/-14/-3,2592,0.991
132,1,tracked,pose y/p/r: -21/-15/-3,2603,0.992
133,1,tracked,pose y/p/r: -21/-15/-3,2558,0.993
134,1,tracked,pose y/p/r: -21/-15/-3,2571,0.988
135,1,tracked,pose y/p/r: -20/-14/-3,2603,0.989
136,1,tracked,pose y/p/r: -20/-15/-3,2591,0.992
137,1,tracked,pose y/p/r: -20/-15/-3,2569,0.989
138,1,tracked,pose y/p/r: -20/-16/-3,2614,0.991
139,1,tracked,pose y/p/r: -20/-16/-3,2571,0.992
140,1,tracked,pose y/p/r: -20/-17/-3,2616,0.993
141,1,tracked,pose y/p/r: -20/-18/-3,2574,0.991
142,1,tracked,pose y/p/r: -19/-19/-3,2603,0.991
143,1,tracked,pose y/p/r: -20/-19/-3,2571,0.994
144,1,tracked,pose y/p/r: -20/-18/-2,2616,0.991
145,1,tracked,pose y/p/r: -20/-17/-2,2672,0.989
146,1,tracked,pose y/p/r: -20/-17/-3,2615,0.994
147,1,tracked,pose y/p/r: -20/-17/-3,2638,0.992
148,1,tracked,pose y/p/r: -19/-19/-3,2626,0.99
149,1,tracked,pose y/p/r: -18/-19/-3,2698,0.994
150,1,tracked,pose y/p/r: -18/-21/-2,2598,0.976
151,1,tracked,pose y/p/r: -18/-22/-2,2572,1.0
152,1,tracked,pose y/p/r: -18/-23/-1,2575,1.0
153,1,tracked,pose y/p/r: -18/-20/-2,2636,0.987
154,1,tracked,pose y/p/r: -18/-18/-2,2649,1.0
155,1,tracked,pose y/p/r: -17/-20/-1,2611,0.988
156,1,tracked,pose y/p/r: -16/-22/0,2560,0.99
157,1,tracked,pose y/p/r: -15/-22/0,2603,0.994
158,1,tracked,pose y/p/r: -15/-22/0,2558,0.992
159,1,tracked,pose y/p/r: -14/-22/1,2554,0.991
160,1,tracked,pose y/p/r: -14/-22/1,2553,0.993
161,1,tracked,pose y/p/r: -13/-22/1,2556,0.988
162,1,tracked,pose y/p/r: -13/-22/1,2528,0.986
163,1,tracked,pose y/p/r: -12/-22/1,2555,0.984
164,1,tracked,pose y/p/r: -12/-22/2,2527,1.0
165,1,tracked,pose y/p/r: -11/-22/2,2553,0.987
166,1,tracked,pose y/p/r: -11/-23/2,2503,0.989
167,1,tracked,pose y/p/r: -10/-23/2,2535,0.992
168,1,tracked,pose y/p/r: -9/-23/3,2558,0.983
169,1,tracked,pose y/p/r: -9/-22/3,2540,0.983
170,1,tracked,pose y/p/r: -8/-21/3,2556,0.984
171,1,tracked,pose y/p/r: -8/-21/3,2582,0.984
172,1,tracked,pose y/p/r: -8/-20/3,2533,0.99
173,1,tracked,pose y/p/r: -7/-21/3,2556,0.984
174,1,tracked,pose y/p/r: -8/-21/3,2560,0.985
175,1,tracked,pose y/p/r: -6/-20/4,2528,0.987
176,1,tracked,pose y/p/r: -5/-20/4,2576,0.99
177,1,tracked,pose y/p/r: -5/-20/3,2478,0.989
178,1,tracked,pose y/p/r: -4/-19/3,2528,1.0
179,1,tracked,pose y/p/r: -4/-19/3,2528,1.0
180,0,tracked,pose y/p/r: -4/-19/3,2528,1.0
181,0,tracked,pose y/p/r: -4/-19/3,2528,1.0
182,0,predicted,pose y/p/r: -4/-19/3,2528,0.933
183,0,predicted,pose y/p/r: -4/-19/3,2529,0.867
184,0,predicted,pose y/p/r: -4/-19/3,2529,0.8
185,0,predicted,pose y/p/r: -4/-19/3,2529,0.733
186,0,predicted,pose y/p/r: -4/-19/3,2529,0.667
187,0,predicted,pose y/p/r: -4/-19/3,2529,0.6
188,0,predicted,pose y/p/r: -4/-19/3,2529,0.533
189,0,predicted,pose y/p/r: -4/-19/3,2529,0.467
190,0,predicted,pose y/p/r: -4/-19/3,2529,0.4
191,0,predicted,pose y/p/r: -4/-19/3,2529,0.333
192,0,predicted,pose y/p/r: -4/-19/3,2529,0.267
193,0,predicted,pose y/p/r: -4/-19/3,2529,0.2
194,0,predicted,pose y/p/r: -4/-19/3,2529,0.133
195,0,predicted,pose y/p/r: -4/-19/3,2529,0.067
196,0,predicted,pose y/p/r: -4/-19/3,2529,0.0
197,0,lost,pose: n/a,0,0.0
198,0,lost,pose: n/a,0,0.0
199,0,lost,pose: n/a,0,0.0
200,0,tracked,pose y/p/r: 3/-18/4,2485,0.891
201,0,tracked,pose y/p/r: 6/-18/4,2444,1.0
202,1,tracked,pose y/p/r: 7/-18/4,2447,1.0
203,1,tracked,pose y/p/r: 7/-18/4,2431,0.988
204,1,tracked,pose y/p/r: 7/-18/4,2419,0.993
205,1,tracked,pose y/p/r: 7/-18/4,2429,0.996
206,1,tracked,pose y/p/r: 7/-18/4,2422,0.997
207,1,tracked,pose y/p/r: 7/-19/4,2420,0.995
208,1,tracked,pose y/p/r: 7/-19/3,2421,0.995
209,1,tracked,pose y/p/r: 7/-19/3,2413,0.996
210,1,tracked,pose y/p/r: 7/-19/3,2410,0.997
211,1,tracked,pose y/p/r: 7/-18/3,2411,1.0
212,1,tracked,pose y/p/r: 5/-19/3,2409,0.992
213,1,tracked,pose y/p/r: 4/-20/3,2396,1.0
214,1,tracked,pose y/p/r: 3/-20/3,2395,0.995
215,1,tracked,pose y/p/r: 5/-19/3,2361,0.997
216,1,tracked,pose y/p/r: 6/-18/3,2360,0.997
217,1,tracked,pose y/p/r: 6/-18/4,2359,0.993
218,1,tracked,pose y/p/r: 6/-18/4,2388,0.994
219,1,tracked,pose y/p/r: 6/-18/4,2387,1.0
220,1,tracked,pose y/p/r: 3/-18/3,2420,0.993
221,1,tracked,pose y/p/r: 2/-18/3,2399,1.0
222,1,tracked,pose y/p/r: 2/-18/3,2369,1.0
223,1,tracked,pose y/p/r: 2/-18/3,2368,0.992
224,1,tracked,pose y/p/r: 4/-19/3,2406,0.984
225,1,tracked,pose y/p/r: 5/-20/3,2379,0.992
226,1,tracked,pose y/p/r: 5/-20/3,2405,0.981
227,1,tracked,pose y/p/r: 4/-20/3,2386,0.992
228,1,tracked,pose y/p/r: 4/-20/3,2398,0.993
229,1,tracked,pose y/p/r: 3/-20/2,2426,0.989
230,1,tracked,pose y/p/r: 3/-21/2,2423,0.99
231,1,tracked,pose y/p/r: 2/-21/2,2442,0.987
232,1,tracked,pose y/p/r: 1/-21/2,2441,0.985
233,1,tracked,pose y/p/r: 1/-20/2,2438,0.984
234,1,tracked,pose y/p/r: -1/-20/1,2456,0.989
235,1,tracked,pose y/p/r: -1/-20/1,2456,0.99
236,1,tracked,pose y/p/r: -2/-20/1,2434,0.987
237,1,tracked,pose y/p/r: -3/-20/0,2441,0.992
238,1,tracked,pose y/p/r: -4/-21/0,2389,0.994
239,1,tracked,pose y/p/r: -5/-21/0,2388,0.989
240,1,tracked,pose y/p/r: -5/-21/0,2413,0.985
241,1,tracked,pose y/p/r: -6/-19/0,2432,0.989
242,1,tracked,pose y/p/r: -6/-18/0,2430,0.993
243,1,tracked,pose y/p/r: -6/-17/-2,2436,0.99
244,1,tracked,pose y/p/r: -6/-17/-2,2417,0.991
245,1,tracked,pose y/p/r: -6/-17/-2,2420,0.991
246,1,tracked,pose y/p/r: -6/-17/-3,2397,0.991
247,1,tracked,pose y/p/r: -6/-18/-3,2402,0.991
248,1,tracked,pose y/p/r: -6/-18/-3,2430,0.993
249,1,tracked,pose y/p/r: -6/-18/-3,2402,0.994
250,1,tracked,pose y/p/r: -6/-18/-3,2403,0.992
251,1,tracked,pose y/p/r: -6/-18/-3,2405,0.994
252,1,tracked,pose y/p/r: -6/-19/-3,2422,0.99
253,1,tracked,pose y/p/r: -6/-19/-3,2404,0.991
254,1,tracked,pose y/p/r: -7/-20/-2,2446,0.99
255,1,tracked,pose y/p/r: -7/-21/-2,2446,0.995
256,1,tracked,pose y/p/r: -7/-22/-2,2458,0.992
257,1,tracked,pose y/p/r: -7/-23/-2,2457,0.992
258,1,tracked,pose y/p/r: -8/-23/-2,2489,0.996
259,1,tracked,pose y/p/r: -8/-21/-3,2459,0.996
260,1,tracked,pose y/p/r: -8/-23/-2,2460,1.0
261,1,tracked,pose y/p/r: -8/-23/-2,2461,1.0
262,1,tracked,pose y/p/r: -8/-23/-2,2461,1.0
263,1,tracked,pose y/p/r: -8/-21/-3,2459,0.996
264,1,tracked,pose y/p/r: -9/-20/-3,2457,0.996
265,1,tracked,pose y/p/r: -9/-20/-3,2438,0.995
266,1,tracked,pose y/p/r: -9/-22/-3,2416,0.996
267,1,tracked,pose y/p/r: -9/-21/-3,2440,0.99
268,1,tracked,pose y/p/r: -9/-23/-3,2436,0.994
269,1,tracked,pose y/p/r: -9/-23/-3,2438,1.0
